seed,map_seed,success,steps,base_return,blocked_steps,position_revisit_steps,winnable_decisions,optimal_fraction_when_winnable,mean_q_regret_when_winnable,mean_absolute_q_error,avoidable_deadline_loss_steps
0,910000,True,2,0.98,0,0,2,1.0,0.0,0.26351232396263113,0
0,910001,False,32,-0.3200000000000001,6,24,30,0.4666666666666667,0.06622588833333339,0.6515778216554151,1
0,910002,False,32,-0.3200000000000001,32,31,31,0.0,0.06855709677419368,0.5712933483585279,1
0,910003,False,32,-0.3200000000000001,31,30,31,0.03225806451612903,0.06731487096774205,0.27397485884696815,1
0,910004,True,7,0.9299999999999999,6,6,7,0.14285714285714285,0.034028571428571484,0.30374205348232813,0
0,910005,False,32,-0.3200000000000001,25,25,30,0.1,0.06559761333666665,0.1789697823062512,1
0,910006,False,32,-0.3200000000000001,5,27,31,0.41935483870967744,0.06905654838709684,0.7751769031956746,1
0,910007,False,32,-0.3200000000000001,10,28,29,0.3793103448275862,0.06611899942310344,0.632628808405574,1
0,910008,True,1,0.99,0,0,1,1.0,0.0,0.24275553963184354,0
0,910009,False,32,-0.3200000000000001,16,26,23,0.30434782608695654,0.06516200110673478,0.4816371447176928,1
0,910010,True,7,0.9299999999999999,0,0,7,0.8571428571428571,0.010837532857142887,0.37290192257504756,0
0,910011,False,32,-0.3200000000000001,29,29,30,0.06666666666666667,0.06498169033333341,0.7905331269814591,1
0,910012,False,32,-0.3200000000000001,13,25,31,0.2903225806451613,0.06882718483870977,0.4409276426762506,1
0,910013,False,32,-0.3200000000000001,29,28,31,0.0967741935483871,0.06483041935483883,0.33990413993966206,1
0,910014,False,32,-0.3200000000000001,23,29,31,0.12903225806451613,0.0687107741935485,0.20747563043210615,1
0,910015,True,1,0.99,0,0,1,1.0,0.0,0.09312256980705258,0
0,910016,False,32,-0.3200000000000001,31,30,32,0.03125,0.06846875000000006,0.4596347142545396,1
0,910017,True,3,0.97,0,0,3,1.0,0.0,0.34324930261081477,0
0,910018,True,2,0.98,0,0,2,1.0,0.0,0.6194567278870964,0
0,910019,False,32,-0.3200000000000001,32,31,28,0.0,0.06550850617996444,0.5733996933698775,1
0,910020,False,32,-0.3200000000000001,31,30,30,0.0,0.06875557233333339,0.6224628381501165,1
0,910021,False,32,-0.3200000000000001,29,28,31,0.0967741935483871,0.06483041935483883,0.6478206215746013,1
0,910022,False,32,-0.3200000000000001,28,27,28,0.10714285714285714,0.062295055637671924,0.4637233472810036,1
0,910023,False,32,-0.3200000000000001,25,24,28,0.14285714285714285,0.0646087186391787,0.47260704812764054,1
0,910024,True,12,0.88,0,10,12,0.5833333333333334,0.03258708333333337,0.3762068426032686,0
0,910025,True,18,0.82,13,16,18,0.16666666666666666,0.036501944444444545,0.4963965112244553,0
0,910026,True,3,0.97,0,0,3,1.0,0.0,0.6047794239659372,0
0,910027,False,32,-0.3200000000000001,30,29,32,0.0625,0.06648375000000009,0.42466114173085656,1
0,910028,False,32,-0.3200000000000001,29,28,31,0.0967741935483871,0.06483041935483883,0.632232971974194,1
0,910029,False,32,-0.3200000000000001,32,31,27,0.0,0.06463404766768653,0.3065999714000001,1
0,910030,False,32,-0.3200000000000001,29,28,29,0.034482758620689655,0.067781884437931,0.8071021478388959,1
0,910031,False,32,-0.3200000000000001,30,29,27,0.037037037037037035,0.06467309891719432,0.47539897395818564,1
1,910000,False,32,-0.3200000000000001,32,31,31,0.0,0.06855709677419368,0.2901726608380084,1
1,910001,True,17,0.83,0,11,17,0.6470588235294118,0.026775081176470664,0.6109236772691584,0
1,910002,False,32,-0.3200000000000001,12,25,31,0.3225806451612903,0.06782189247419364,0.6009137192193945,1
1,910003,True,3,0.97,0,0,3,1.0,0.0,0.6853711708718725,0
1,910004,True,1,0.99,0,0,1,1.0,0.0,0.16435916531848904,0
1,910005,False,32,-0.3200000000000001,10,25,29,0.3793103448275862,0.06782321898275868,0.6795740306948856,1
1,910006,False,32,-0.3200000000000001,30,30,31,0.0,0.06855709677419368,0.6622505260170931,1
1,910007,False,32,-0.3200000000000001,30,29,29,0.034482758620689655,0.0664177004571379,0.7115821510678753,1
1,910008,True,1,0.99,0,0,1,1.0,0.0,0.7934329210877419,0
1,910009,False,32,-0.3200000000000001,30,29,25,0.04,0.0631528387578585,0.46431061947072033,1
1,910010,False,32,-0.3200000000000001,32,31,28,0.0,0.06550850617996444,0.5718973513110581,1
1,910011,False,32,-0.3200000000000001,28,27,32,0.125,0.06474687500000006,0.8874258174251919,1
1,910012,True,2,0.98,0,0,2,1.0,0.0,0.946780912687664,0
1,910013,True,5,0.95,0,0,5,1.0,0.0,0.621481410798526,0
1,910014,False,32,-0.3200000000000001,32,31,31,0.0,0.06855709677419368,0.6306473597935895,1
1,910015,False,32,-0.3200000000000001,32,31,32,0.0,0.06970937500000007,0.6940045552237704,1
1,910016,False,32,-0.3200000000000001,26,30,31,0.0967741935483871,0.06867235483870979,0.595817379023593,1
1,910017,False,32,-0.3200000000000001,17,29,32,0.25,0.06575835656250006,0.5466285122149221,1
1,910018,True,2,0.98,0,0,2,1.0,0.0,0.2677942038425826,0
1,910019,False,32,-0.3200000000000001,27,27,32,0.125,0.06474687500000006,0.2694926037932559,1
1,910020,False,32,-0.3200000000000001,0,30,32,0.5,0.06791046875000004,0.44718341791484945,1
1,910021,False,32,-0.3200000000000001,23,28,30,0.13333333333333333,0.06490698287333341,0.7630178851033402,1
1,910022,False,32,-0.3200000000000001,32,31,26,0.0,0.06383448922388574,0.335569839209449,1
1,910023,False,32,-0.3200000000000001,16,28,29,0.2413793103448276,0.06318966324187858,0.6601175639337056,1
1,910024,False,32,-0.3200000000000001,31,30,32,0.03125,0.06846875000000006,0.7094941558203289,1
1,910025,False,32,-0.3200000000000001,32,31,32,0.0,0.06970937500000007,0.6114736202780902,1
1,910026,True,17,0.83,0,13,17,0.5882352941176471,0.032203705882352975,0.2950862263008386,0
1,910027,True,3,0.97,0,0,3,1.0,0.0,0.7551221553609192,0
1,910028,True,7,0.9299999999999999,0,2,7,0.8571428571428571,0.011172714285714298,0.15781152193168418,0
1,910029,False,32,-0.3200000000000001,32,31,27,0.0,0.06463404766768653,0.5681178940268083,1
1,910030,False,32,-0.3200000000000001,32,31,30,0.0,0.06747193900000008,0.7175396184419013,1
1,910031,True,21,0.7899999999999999,13,13,21,0.3333333333333333,0.02818870142857148,0.548051864235879,0
2,910000,False,32,-0.3200000000000001,24,30,31,0.0967741935483871,0.06844529645161304,0.8477510793302614,1
2,910001,False,32,-0.3200000000000001,32,31,28,0.0,0.06550850617996444,0.7543166778960305,1
2,910002,False,32,-0.3200000000000001,26,26,31,0.0967741935483871,0.06837306806451622,0.7609013960527623,1
2,910003,False,32,-0.3200000000000001,0,28,31,0.5161290322580645,0.06789116129032263,0.6678118588515591,1
2,910004,True,1,0.99,0,0,1,1.0,0.0,0.5120034273343086,0
2,910005,False,32,-0.3200000000000001,32,31,29,0.0,0.0664551829931034,0.6317852042261214,1
2,910006,False,32,-0.3200000000000001,15,24,31,0.25806451612903225,0.06753843063225808,0.534120646687876,1
2,910007,False,32,-0.3200000000000001,32,31,29,0.0,0.0664551829931034,0.65756733380519,1
2,910008,True,1,0.99,0,0,1,1.0,0.0,0.8996566179305315,0
2,910009,False,32,-0.3200000000000001,26,27,23,0.08695652173913043,0.06578586626775983,0.508975373513093,1
2,910010,False,32,-0.3200000000000001,32,31,28,0.0,0.06550850617996444,0.7550135418878359,1
2,910011,True,5,0.95,0,0,5,1.0,0.0,0.7248155175707269,0
2,910012,False,32,-0.3200000000000001,29,28,28,0.0,0.07203164746375013,0.7672359922074687,1
2,910013,False,32,-0.3200000000000001,11,29,28,0.2857142857142857,0.06479303150148245,0.5530211618479144,1
2,910014,False,32,-0.3200000000000001,32,31,31,0.0,0.06855709677419368,0.6213221157952706,1
2,910015,True,1,0.99,0,0,1,1.0,0.0,0.7469224016742706,0
2,910016,True,2,0.98,0,0,2,1.0,0.0,0.6171141284198188,0
2,910017,False,32,-0.3200000000000001,31,30,31,0.03225806451612903,0.06731487096774205,1.045687908361698,1
2,910018,False,32,-0.3200000000000001,32,31,31,0.0,0.06855709677419368,0.6528037847584454,1
2,910019,False,32,-0.3200000000000001,17,29,30,0.23333333333333334,0.0647949216833334,0.8584764850642864,1
2,910020,False,32,-0.3200000000000001,31,30,32,0.03125,0.06846875000000006,0.6729198165140602,1
2,910021,False,32,-0.3200000000000001,20,29,28,0.21428571428571427,0.06574143336775008,0.8891936882076243,1
2,910022,True,7,0.9299999999999999,0,0,7,1.0,0.0,0.8444915022184817,0
2,910023,False,32,-0.3200000000000001,29,28,30,0.1,0.06373656600000006,0.7078663605855666,1
2,910024,True,2,0.98,0,0,2,1.0,0.0,0.4836792493035221,0
2,910025,True,1,0.99,0,0,1,1.0,0.0,0.16973174918460843,0
2,910026,False,32,-0.3200000000000001,18,29,30,0.23333333333333334,0.06813254700000006,0.45380168954773353,1
2,910027,True,17,0.83,0,14,17,0.5882352941176471,0.032203705882352975,0.8387198260707441,0
2,910028,False,32,-0.3200000000000001,28,30,28,0.07142857142857142,0.06558614857589298,0.6832665930487164,1
2,910029,False,32,-0.3200000000000001,32,31,27,0.0,0.06463404766768653,0.4734616808401271,1
2,910030,False,32,-0.3200000000000001,2,28,30,0.5,0.06698749578000007,0.7917641303656631,1
2,910031,False,32,-0.3200000000000001,30,29,27,0.037037037037037035,0.06467309891719432,0.5498177460960958,1
