seed,checkpoint,updates_in_window,mean_loss,last_loss,training_examples
0,100,100,0.08637971073389053,0.03275514021515846,6400
0,200,100,0.027448652274906636,0.016025854274630547,12800
0,300,100,0.027082616658881307,0.03177974373102188,19200
0,400,100,0.024745210064575075,0.01127373892813921,25600
0,500,100,0.025195157388225198,0.024968594312667847,32000
0,600,100,0.02139337984845042,0.01828441396355629,38400
0,700,100,0.020136350449174643,0.019837867468595505,44800
0,800,100,0.015031494181603194,0.01642834022641182,51200
0,900,100,0.013588838789146393,0.018438076600432396,57600
0,1000,100,0.012261723200790584,0.009011449292302132,64000
0,1100,100,0.0116787235904485,0.012347834184765816,70400
0,1200,100,0.01138461454771459,0.0074339453130960464,76800
0,1300,100,0.009823247259482741,0.011548939161002636,83200
0,1400,100,0.011939768998418003,0.014104127883911133,89600
0,1500,100,0.01098937911912799,0.015614097937941551,96000
0,1600,100,0.011226229118183256,0.005147023592144251,102400
0,1700,100,0.010834871367551386,0.008199726231396198,108800
0,1800,100,0.01018427562667057,0.008783988654613495,115200
0,1900,100,0.010119669015984982,0.00872556772083044,121600
0,2000,100,0.010163223396521062,0.006184904370456934,128000
0,2100,100,0.010023376583121716,0.008729259483516216,134400
0,2200,100,0.010027611574623735,0.007697766646742821,140800
0,2300,100,0.009307969468645752,0.007790337782353163,147200
0,2400,100,0.00933850342174992,0.008606666699051857,153600
0,2500,100,0.008712655138224364,0.005758888088166714,160000
0,2600,100,0.008759214584715664,0.006810369435697794,166400
0,2700,100,0.00924923198763281,0.005877556279301643,172800
0,2800,100,0.0082961759949103,0.00588101614266634,179200
0,2900,100,0.007778571357484907,0.011099743656814098,185600
0,3000,100,0.008392735572997481,0.01037572417408228,192000
0,3100,100,0.007998996856622398,0.001644242787733674,198400
0,3200,100,0.007919587374199183,0.013114886358380318,204800
0,3300,100,0.008220734829083086,0.0041501191444695,211200
0,3400,100,0.007815071537625045,0.013019932433962822,217600
0,3500,100,0.008297853898257017,0.004139591474086046,224000
0,3600,100,0.007712416124995798,0.0030758087523281574,230400
0,3700,100,0.007987399810226635,0.013702800497412682,236800
0,3800,100,0.006918437589192763,0.006152167916297913,243200
0,3900,100,0.0074542384408414365,0.014107787050306797,249600
0,4000,100,0.007049907981418073,0.005833513103425503,256000
0,4100,100,0.0071177591138985,0.00931136030703783,262400
0,4200,100,0.007065753032220528,0.005384530872106552,268800
0,4300,100,0.0076206193375401195,0.0020363004878163338,275200
0,4400,100,0.007873014711076393,0.00794519204646349,281600
0,4500,100,0.006915271277539432,0.0023490367457270622,288000
0,4600,100,0.0070782925840467215,0.011065362021327019,294400
0,4700,100,0.0075281123945023865,0.008893814869225025,300800
0,4800,100,0.006178715566638857,0.004720729775726795,307200
0,4900,100,0.006602026675827801,0.007394035346806049,313600
0,5000,100,0.006748109770123847,0.005996613763272762,320000
0,5100,100,0.006455450062640011,0.004053960088640451,326400
0,5200,100,0.006737921041203663,0.009364587254822254,332800
0,5300,100,0.0066649899468757216,0.005345762707293034,339200
0,5400,100,0.006156738839345053,0.00441747484728694,345600
0,5500,100,0.006688084269408137,0.007973318919539452,352000
0,5600,100,0.006435147275915369,0.005230056121945381,358400
0,5700,100,0.006022801677463576,0.005459594074636698,364800
0,5800,100,0.006444840559270233,0.004741954151540995,371200
0,5900,100,0.006376375623513013,0.004871427547186613,377600
0,6000,100,0.006490408105310053,0.008579110726714134,384000
0,6100,100,0.006055775266140699,0.007711617276072502,390400
0,6200,100,0.006152144208317623,0.006069661118090153,396800
0,6300,100,0.006062730279518291,0.006554788909852505,403200
0,6400,100,0.005837427448714152,0.004984982777386904,409600
0,6500,100,0.006466759457834996,0.007298549171537161,416000
0,6600,100,0.006265419649425894,0.007379613816738129,422400
0,6700,100,0.005918984503950924,0.0056688217446208,428800
0,6800,100,0.005595364643377252,0.004591315984725952,435200
0,6900,100,0.005855979268671945,0.00499258516356349,441600
0,7000,100,0.0059073554759379475,0.008381465449929237,448000
0,7100,100,0.005657902850070968,0.003297864692285657,454400
0,7200,100,0.006133177645970136,0.00497776735574007,460800
0,7300,100,0.005710561746964231,0.0034410948865115643,467200
0,7400,100,0.005931839561089874,0.003869579406455159,473600
0,7500,100,0.005919819220434874,0.003949024714529514,480000
0,7600,100,0.005659217670327053,0.011947245337069035,486400
0,7700,100,0.005966523946262896,0.006597272120416164,492800
0,7800,100,0.0058380637824302535,0.004897287581115961,499200
0,7900,100,0.006067841657204554,0.004384222440421581,505600
0,8000,100,0.005736119425855577,0.004423296544700861,512000
0,8100,100,0.005646919453283772,0.003389305667951703,518400
0,8200,100,0.0052091724681667985,0.004925283137708902,524800
0,8300,100,0.00635770610300824,0.004157101735472679,531200
0,8400,100,0.005731004828121513,0.0017329029506072402,537600
0,8500,100,0.005813314317492768,0.009023518301546574,544000
0,8600,100,0.005839048437774181,0.004910344257950783,550400
0,8700,100,0.005699101502541453,0.0044362423941493034,556800
0,8800,100,0.00579559087054804,0.0042005195282399654,563200
0,8900,100,0.005568432225845754,0.00826955959200859,569600
0,9000,100,0.005214742494281381,0.0028582944069057703,576000
0,9100,100,0.00603269618935883,0.000878550112247467,582400
0,9200,100,0.005493509970838204,0.004904747940599918,588800
0,9300,100,0.005541442323010415,0.005636425688862801,595200
0,9400,100,0.005437325636157766,0.008694984018802643,601600
0,9500,100,0.005683791341725737,0.007909911684691906,608000
0,9600,100,0.005151493779849261,0.0038120378740131855,614400
0,9700,100,0.005123407959472388,0.005046766251325607,620800
0,9800,100,0.005215477891615592,0.0074713947251439095,627200
0,9900,100,0.005214888785267249,0.0027898421976715326,633600
0,10000,100,0.005351075015496463,0.005147854797542095,640000
0,10100,100,0.00519176067202352,0.005941004958003759,646400
0,10200,100,0.005185090113664046,0.010382415726780891,652800
0,10300,100,0.005033511753426864,0.0016310171922668815,659200
0,10400,100,0.005345183671452105,0.0073766461573541164,665600
0,10500,100,0.005399585365084931,0.005125830415636301,672000
0,10600,100,0.004836567158345133,0.0018659961642697453,678400
0,10700,100,0.00550860284245573,0.006974874995648861,684800
0,10800,100,0.004657623895327561,0.005191068165004253,691200
0,10900,100,0.005176565217552707,0.004083490930497646,697600
0,11000,100,0.004976749863708392,0.00551664549857378,704000
0,11100,100,0.005123625920386985,0.003373671555891633,710400
0,11200,100,0.00494021076883655,0.002292268443852663,716800
0,11300,100,0.005203039684565738,0.006647094152867794,723200
0,11400,100,0.005057552733342163,0.008565086871385574,729600
0,11500,100,0.004805910139111802,0.0073758140206336975,736000
0,11600,100,0.005181552898720838,0.00498187355697155,742400
0,11700,100,0.0051027104689273985,0.006136663258075714,748800
0,11800,100,0.0051660772273316976,0.0069553302600979805,755200
0,11900,100,0.004909635973162949,0.004435552284121513,761600
0,12000,100,0.0050544298498425635,0.004695309326052666,768000
0,12100,100,0.004719473947770894,0.006460396572947502,774400
0,12200,100,0.004671815208857879,0.0022960726637393236,780800
0,12300,100,0.005086557863978669,0.004088037181645632,787200
0,12400,100,0.004603907378623262,0.004546553827822208,793600
0,12500,100,0.004740811963565648,0.006062182132154703,800000
0,12600,100,0.004598834267817438,0.006055975332856178,806400
0,12700,100,0.005123934729490429,0.005759866908192635,812800
0,12800,100,0.0048922148940619085,0.00351484096609056,819200
0,12900,100,0.005051707560196519,0.007339493837207556,825600
0,13000,100,0.004433790044859051,0.0021007154136896133,832000
0,13100,100,0.004482298246584832,0.003444950096309185,838400
0,13200,100,0.0045103135146200655,0.0050392295233905315,844800
0,13300,100,0.004998826944502071,0.004239524248987436,851200
0,13400,100,0.004793494546902366,0.0013262933352962136,857600
0,13500,100,0.004604535861872137,0.003783989464864135,864000
0,13600,100,0.004569344180636108,0.0022721076384186745,870400
0,13700,100,0.004200942855095491,0.00293977209366858,876800
0,13800,100,0.004647401636466384,0.005347839556634426,883200
0,13900,100,0.005054294058354571,0.005939029157161713,889600
0,14000,100,0.00473203525703866,0.008801182731986046,896000
0,14100,100,0.004105623640934936,0.0023967279121279716,902400
0,14200,100,0.00443255983205745,0.0047556450590491295,908800
0,14300,100,0.004732774461735971,0.008435571566224098,915200
0,14400,100,0.004318869090639055,0.005450151860713959,921600
0,14500,100,0.0047854040685342625,0.005971403326839209,928000
0,14600,100,0.004532234281650744,0.0064453850500285625,934400
0,14700,100,0.004544895653380081,0.002495003864169121,940800
0,14800,100,0.004333851300179959,0.005951240658760071,947200
0,14900,100,0.004466954258386977,0.003579571843147278,953600
0,15000,100,0.004327430704142899,0.002482471987605095,960000
0,15100,100,0.00476233517518267,0.0037449661176651716,966400
0,15200,100,0.0045141091628465805,0.0033239873591810465,972800
0,15300,100,0.004287468391121365,0.0023321015760302544,979200
0,15400,100,0.00466963040176779,0.004173020366579294,985600
0,15500,100,0.004924313409137539,0.006618454586714506,992000
0,15600,100,0.004457667382666841,0.005054431967437267,998400
0,15700,100,0.004232147960574366,0.003412870690226555,1004800
0,15800,100,0.0041948472749209036,0.011748630553483963,1011200
0,15900,100,0.004152618331718258,0.002037666505202651,1017600
0,16000,100,0.004263127662125043,0.002650093287229538,1024000
0,16100,100,0.004202917565708049,0.005030523519963026,1030400
0,16200,100,0.004482623523799702,0.0024800258688628674,1036800
0,16300,100,0.0044526104460237545,0.0034215888008475304,1043200
0,16400,100,0.003943643012316898,0.001995492959395051,1049600
0,16500,100,0.004521413467591629,0.005376618355512619,1056000
0,16600,100,0.00429612027364783,0.008792205713689327,1062400
0,16700,100,0.00445881595951505,0.0051073720678687096,1068800
0,16800,100,0.004176703486882616,0.0032392949797213078,1075200
0,16900,100,0.004243096329155378,0.00811446737498045,1081600
0,17000,100,0.0043191013392060995,0.008943215012550354,1088000
0,17100,100,0.004344603599165566,0.004483130760490894,1094400
0,17200,100,0.004169903520960361,0.0036356239579617977,1100800
0,17300,100,0.00426118838833645,0.0038714685942977667,1107200
0,17400,100,0.0039497470518108455,0.005197782069444656,1113600
0,17500,100,0.0042079159035347405,0.004679080564528704,1120000
0,17600,100,0.004070840275962837,0.0021366963628679514,1126400
0,17700,100,0.004223244623863138,0.005501972511410713,1132800
0,17800,100,0.004209946795599535,0.0029679848812520504,1139200
0,17900,100,0.003801208949298598,0.004110833629965782,1145600
0,18000,100,0.004314492032281123,0.002218915382400155,1152000
0,18100,100,0.004168834975571372,0.008542663417756557,1158400
0,18200,100,0.004269406074890867,0.0022719234693795443,1164800
0,18300,100,0.004006702900514938,0.005262098740786314,1171200
0,18400,100,0.004078824780299329,0.0019238496897742152,1177600
0,18500,100,0.0038270150811877102,0.003289689077064395,1184000
0,18600,100,0.0038465524977073073,0.004081809427589178,1190400
0,18700,100,0.004022536913398653,0.004091235343366861,1196800
0,18800,100,0.004050148343667388,0.003590051084756851,1203200
0,18900,100,0.004050671737059019,0.0032642658334225416,1209600
0,19000,100,0.004167685770080425,0.003143535926938057,1216000
0,19100,100,0.0036912191542796792,0.005427234806120396,1222400
0,19200,100,0.004193982077995315,0.011070286855101585,1228800
0,19300,100,0.0038968288304749876,0.00599193898960948,1235200
0,19400,100,0.003724156225216575,0.005806775763630867,1241600
0,19500,100,0.0037566264683846383,0.003791374620050192,1248000
0,19600,100,0.0039315780973993245,0.0035675540566444397,1254400
0,19700,100,0.00398567444528453,0.004012831952422857,1260800
0,19800,100,0.003915285976836458,0.004957394674420357,1267200
0,19900,100,0.003982022983254865,0.003954003099352121,1273600
0,20000,100,0.00373879877559375,0.003978871274739504,1280000
0,20100,100,0.0040483462990960105,0.0013740111608058214,1286400
0,20200,100,0.0040233738068491225,0.0018455374520272017,1292800
0,20300,100,0.003996875383891165,0.001174752600491047,1299200
0,20400,100,0.0036884482845198365,0.00896475650370121,1305600
0,20500,100,0.00374218924815068,0.003953185398131609,1312000
0,20600,100,0.0036288000020431354,0.0031287732999771833,1318400
0,20700,100,0.0038483458640985193,0.0032327331136912107,1324800
0,20800,100,0.0035330754931783303,0.003852711757645011,1331200
0,20900,100,0.004497054606908932,0.003712568897753954,1337600
0,21000,100,0.0038688754354370756,0.0034297616221010685,1344000
0,21100,100,0.003979874153155833,0.003232278162613511,1350400
0,21200,100,0.003797041390789673,0.0035270717926323414,1356800
0,21300,100,0.004145625552046113,0.0032354374416172504,1363200
0,21400,100,0.003553670501569286,0.002478617010638118,1369600
0,21500,100,0.003719121335889213,0.004387969616800547,1376000
0,21600,100,0.0035978869220707563,0.0014726266963407397,1382400
0,21700,100,0.0039143685949966315,0.0048851496540009975,1388800
0,21800,100,0.004024056743946858,0.0033150159288197756,1395200
0,21900,100,0.003522286478546448,0.0021934458054602146,1401600
0,22000,100,0.003610942093655467,0.004415662959218025,1408000
0,22100,100,0.004014844466000795,0.0006130813271738589,1414400
0,22200,100,0.003812772535602562,0.0029042656533420086,1420800
0,22300,100,0.0037177202384918928,0.005320670083165169,1427200
0,22400,100,0.003769022888154723,0.005311533808708191,1433600
0,22500,100,0.003697293815785088,0.0013265591114759445,1440000
0,22600,100,0.003585452252882533,0.00416543846949935,1446400
0,22700,100,0.0036030294781085105,0.004276638850569725,1452800
0,22800,100,0.003742118059890345,0.007675223983824253,1459200
0,22900,100,0.00368078421743121,0.007780198939144611,1465600
0,23000,100,0.003768978201551363,0.004873745609074831,1472000
0,23100,100,0.0038103407915332354,0.001993990270420909,1478400
0,23200,100,0.0037111201873631216,0.0026027264539152384,1484800
0,23300,100,0.003633897261461243,0.0023760725744068623,1491200
0,23400,100,0.003792357338243164,0.005043056793510914,1497600
0,23500,100,0.0031433131685480475,0.001951332320459187,1504000
0,23600,100,0.0036732136562932284,0.003934449981898069,1510400
0,23700,100,0.003794679114362225,0.0042996834963560104,1516800
0,23800,100,0.003761281600454822,0.002648233203217387,1523200
0,23900,100,0.003621363017009571,0.001894497312605381,1529600
0,24000,100,0.003833212751778774,0.0012651431607082486,1536000
0,24100,100,0.0034019870427437126,0.0017902242252603173,1542400
0,24200,100,0.0035991850099526346,0.006420176010578871,1548800
0,24300,100,0.003422862019506283,0.0017365844687446952,1555200
0,24400,100,0.0036100108694517986,0.006443862337619066,1561600
0,24500,100,0.003904933734447695,0.002222325187176466,1568000
0,24600,100,0.0034063891228288414,0.0019393459660932422,1574400
0,24700,100,0.0036216312029864637,0.004759852308779955,1580800
0,24800,100,0.003669290232937783,0.004014600068330765,1587200
0,24900,100,0.0035960530338343235,0.00594742689281702,1593600
0,25000,100,0.0033578409350593576,0.004256481304764748,1600000
0,25100,100,0.00351598700042814,0.0028442521579563618,1606400
0,25200,100,0.0035132796567631883,0.003099030116572976,1612800
0,25300,100,0.0033915234793676064,0.0031648906879127026,1619200
0,25400,100,0.0038151996984379364,0.0027681526262313128,1625600
0,25500,100,0.0033169836655724794,0.005702955648303032,1632000
0,25600,100,0.0036060603999067097,0.004847273696213961,1638400
0,25700,100,0.0031352293730014936,0.002238269429653883,1644800
0,25800,100,0.003418221335159615,0.0029795761220157146,1651200
0,25900,100,0.0035577539159567097,0.006377526558935642,1657600
0,26000,100,0.003395637568901293,0.005479017738252878,1664000
0,26100,100,0.0035764862774522043,0.0020863227546215057,1670400
0,26200,100,0.0031792731318273583,0.0011681996984407306,1676800
0,26300,100,0.0032899460842600093,0.002650739625096321,1683200
0,26400,100,0.003571364072558936,0.006014542654156685,1689600
0,26500,100,0.00356539175088983,0.001664916519075632,1696000
0,26600,100,0.0032209082372719423,0.0006358464015647769,1702400
0,26700,100,0.0032578687628847546,0.003730079624801874,1708800
0,26800,100,0.003593204742646776,0.006925591733306646,1715200
0,26900,100,0.0036470146296778694,0.0009709545411169529,1721600
0,27000,100,0.003860151509579737,0.002615753561258316,1728000
0,27100,100,0.0035041783389169723,0.006706115324050188,1734400
0,27200,100,0.0033434729202417657,0.0017170432256534696,1740800
0,27300,100,0.003431944170151837,0.0012384207220748067,1747200
0,27400,100,0.003403443222050555,0.0033813046757131815,1753600
0,27500,100,0.0033413572909194045,0.0025958018377423286,1760000
0,27600,100,0.003000523042283021,0.002951341914013028,1766400
0,27700,100,0.003239883036003448,0.004380726255476475,1772800
0,27800,100,0.002964715429698117,0.00705654826015234,1779200
0,27900,100,0.0030349342693807555,0.003128303913399577,1785600
0,28000,100,0.0032925102941226215,0.0023919623345136642,1792000
0,28100,100,0.0035848488501505926,0.0037475842982530594,1798400
0,28200,100,0.0032964026147965344,0.0009904882172122598,1804800
0,28300,100,0.00343621731037274,0.004839000292122364,1811200
0,28400,100,0.0032385153940413147,0.004146968945860863,1817600
0,28500,100,0.0036592842295067383,0.002542173722758889,1824000
0,28600,100,0.00329788621107582,0.003797907382249832,1830400
0,28700,100,0.0029422574091586286,0.0009653976885601878,1836800
0,28800,100,0.003568760450580157,0.0041725123301148415,1843200
0,28900,100,0.002919690880808048,0.001120391534641385,1849600
0,29000,100,0.003617047728621401,0.0033628325909376144,1856000
0,29100,100,0.0033304969553137197,0.006645841058343649,1862400
0,29200,100,0.00315407169284299,0.002849041484296322,1868800
0,29300,100,0.003647910303552635,0.006219351664185524,1875200
0,29400,100,0.003458243095083162,0.0003176502650603652,1881600
0,29500,100,0.003158105638140114,0.0041841669008135796,1888000
0,29600,100,0.003178662542195525,0.0033746736589819193,1894400
0,29700,100,0.003173730281123426,0.003754998557269573,1900800
0,29800,100,0.0035588509537046774,0.0013799690641462803,1907200
0,29900,100,0.003317321003996767,0.0047531938180327415,1913600
0,30000,100,0.003144426264479989,0.0023630301002413034,1920000
1,100,100,0.08610852494835854,0.025696875527501106,6400
1,200,100,0.029054285446181893,0.027820365503430367,12800
1,300,100,0.026378244217485188,0.01841655559837818,19200
1,400,100,0.0250271325185895,0.019421353936195374,25600
1,500,100,0.022980618122965098,0.026900315657258034,32000
1,600,100,0.019359735073521733,0.02011830545961857,38400
1,700,100,0.01521632998716086,0.015771858394145966,44800
1,800,100,0.01404939458006993,0.0156587902456522,51200
1,900,100,0.012316118059679866,0.014863323420286179,57600
1,1000,100,0.012209751810878515,0.015193719416856766,64000
1,1100,100,0.011924491943791509,0.009415078908205032,70400
1,1200,100,0.011303241699934005,0.014791801571846008,76800
1,1300,100,0.0112562308087945,0.015945494174957275,83200
1,1400,100,0.011277509974315763,0.00750728091225028,89600
1,1500,100,0.010991413339506834,0.011877616867423058,96000
1,1600,100,0.010911260801367461,0.016782283782958984,102400
1,1700,100,0.010138626240659506,0.00817585363984108,108800
1,1800,100,0.011939409538172185,0.010362070053815842,115200
1,1900,100,0.01042488074861467,0.011097314767539501,121600
1,2000,100,0.009574089276138693,0.009925109334290028,128000
1,2100,100,0.009389130189083517,0.012207012623548508,134400
1,2200,100,0.00947801244445145,0.00921249482780695,140800
1,2300,100,0.008794509309809654,0.011285705491900444,147200
1,2400,100,0.009541602788958698,0.011545777320861816,153600
1,2500,100,0.009052371084690094,0.012148766778409481,160000
1,2600,100,0.008693070786539464,0.00916714034974575,166400
1,2700,100,0.00867351283552125,0.007657188922166824,172800
1,2800,100,0.008583050519227982,0.011292722076177597,179200
1,2900,100,0.008938571554608643,0.010706335306167603,185600
1,3000,100,0.008871692772954702,0.012338865548372269,192000
1,3100,100,0.008232345976866782,0.0036857458762824535,198400
1,3200,100,0.008478578780777752,0.0022153262980282307,204800
1,3300,100,0.00772476751357317,0.007499708794057369,211200
1,3400,100,0.008503625327721238,0.005895658861845732,217600
1,3500,100,0.008132141402456909,0.012866893783211708,224000
1,3600,100,0.008375595482066274,0.007631117478013039,230400
1,3700,100,0.007945317281410099,0.009195316582918167,236800
1,3800,100,0.007806110137607902,0.010135259479284286,243200
1,3900,100,0.008172046553809195,0.0034414702095091343,249600
1,4000,100,0.007828761832788586,0.005676526576280594,256000
1,4100,100,0.008149947407655418,0.004832863807678223,262400
1,4200,100,0.007710920043755323,0.01084851659834385,268800
1,4300,100,0.007721668464364484,0.00477415369823575,275200
1,4400,100,0.007065312915947288,0.00843275897204876,281600
1,4500,100,0.007529709369409829,0.006817600689828396,288000
1,4600,100,0.00794236818794161,0.006752279587090015,294400
1,4700,100,0.0078392401128076,0.0060481177642941475,300800
1,4800,100,0.007480690884403884,0.010016404092311859,307200
1,4900,100,0.008105923474067822,0.007025668863207102,313600
1,5000,100,0.007524550373200327,0.004303428344428539,320000
1,5100,100,0.007237649764865637,0.004850873723626137,326400
1,5200,100,0.007263716324232518,0.0041342321783304214,332800
1,5300,100,0.006651796577498317,0.007102017756551504,339200
1,5400,100,0.006910046690609306,0.003459229599684477,345600
1,5500,100,0.0072345455060713,0.006529799662530422,352000
1,5600,100,0.007045266481582075,0.007258751429617405,358400
1,5700,100,0.007100005864631384,0.00841053668409586,364800
1,5800,100,0.006608310102019459,0.004156825598329306,371200
1,5900,100,0.006342173754237592,0.0021399047691375017,377600
1,6000,100,0.006172637265408411,0.006275663152337074,384000
1,6100,100,0.0065130292205139995,0.00958307832479477,390400
1,6200,100,0.0067429483542218805,0.00840534083545208,396800
1,6300,100,0.006428025759523734,0.004273684695363045,403200
1,6400,100,0.006309990162262693,0.00410128477960825,409600
1,6500,100,0.006737751899054274,0.004606564529240131,416000
1,6600,100,0.0065673804935067895,0.007506072521209717,422400
1,6700,100,0.006412970782257617,0.003324117511510849,428800
1,6800,100,0.006357632126891986,0.004811285063624382,435200
1,6900,100,0.006342605145182461,0.0023066685535013676,441600
1,7000,100,0.006111323051154614,0.004471946507692337,448000
1,7100,100,0.0065700474590994415,0.005547346547245979,454400
1,7200,100,0.006193091560853645,0.008237524889409542,460800
1,7300,100,0.005751893197884783,0.0014292007545009255,467200
1,7400,100,0.006408227930078283,0.004822370130568743,473600
1,7500,100,0.005374010181985796,0.006011715158820152,480000
1,7600,100,0.005776142353424802,0.000941497040912509,486400
1,7700,100,0.005804445076500997,0.006569304037839174,492800
1,7800,100,0.005409862278029322,0.005377405323088169,499200
1,7900,100,0.005920329007785767,0.003370627760887146,505600
1,8000,100,0.005484665356343612,0.005786792375147343,512000
1,8100,100,0.0054469360603252425,0.003243059851229191,518400
1,8200,100,0.00615212269127369,0.0025937254540622234,524800
1,8300,100,0.006033070823177695,0.005641086958348751,531200
1,8400,100,0.005752673655515537,0.005849323235452175,537600
1,8500,100,0.005532975622918457,0.003887756494805217,544000
1,8600,100,0.005262023198883981,0.005501394625753164,550400
1,8700,100,0.005029464532854035,0.006922014057636261,556800
1,8800,100,0.005307892267592251,0.0047395555302500725,563200
1,8900,100,0.005583831779658794,0.00566034484654665,569600
1,9000,100,0.005234528960427269,0.006539865862578154,576000
1,9100,100,0.005727221594424918,0.004607015289366245,582400
1,9200,100,0.005168786690337584,0.008168132975697517,588800
1,9300,100,0.005533695397316478,0.003463074564933777,595200
1,9400,100,0.005081688334466889,0.0034076711162924767,601600
1,9500,100,0.005121831218420993,0.007279124576598406,608000
1,9600,100,0.005285264420090243,0.008658206090331078,614400
1,9700,100,0.00513935906579718,0.005529987160116434,620800
1,9800,100,0.005432109227986075,0.008483109064400196,627200
1,9900,100,0.005064915008842945,0.005447834730148315,633600
1,10000,100,0.005142056524055079,0.0032933817710727453,640000
1,10100,100,0.004590202973922715,0.0031829276122152805,646400
1,10200,100,0.004910121214343235,0.00498159509152174,652800
1,10300,100,0.0050146852724719795,0.009877737611532211,659200
1,10400,100,0.005071102933725342,0.004663418512791395,665600
1,10500,100,0.004840223937062547,0.005053575150668621,672000
1,10600,100,0.004788714527967386,0.0041620549745857716,678400
1,10700,100,0.005450005416059866,0.011149653233587742,684800
1,10800,100,0.00488596124923788,0.0048044896684587,691200
1,10900,100,0.0049713468318805095,0.004255758132785559,697600
1,11000,100,0.004847942513879389,0.003031265689060092,704000
1,11100,100,0.004926667076069861,0.005055228713899851,710400
1,11200,100,0.0048071770486421885,0.002327560679987073,716800
1,11300,100,0.004653270236449316,0.0033217996824532747,723200
1,11400,100,0.004807108992245048,0.004799299873411655,729600
1,11500,100,0.005296896207146347,0.0030045846942812204,736000
1,11600,100,0.004636803521425464,0.006281946785748005,742400
1,11700,100,0.004803593055112287,0.0036165465135127306,748800
1,11800,100,0.004814022403443232,0.002971392124891281,755200
1,11900,100,0.004753457928309217,0.011560016311705112,761600
1,12000,100,0.004582506383303553,0.003919808194041252,768000
1,12100,100,0.004608521464979276,0.0016808351501822472,774400
1,12200,100,0.004820156283676625,0.0025282781571149826,780800
1,12300,100,0.004924845326459035,0.003056463785469532,787200
1,12400,100,0.004711624743649736,0.003593218047171831,793600
1,12500,100,0.004930438448209316,0.005056888796389103,800000
1,12600,100,0.004602350587956608,0.002872056793421507,806400
1,12700,100,0.004490470393793657,0.0026757430750876665,812800
1,12800,100,0.004534122897312045,0.0024161168839782476,819200
1,12900,100,0.004768241075798869,0.0020942590199410915,825600
1,13000,100,0.004255577930016443,0.002010645344853401,832000
1,13100,100,0.004528144359937869,0.003704965114593506,838400
1,13200,100,0.004500054161762818,0.004268213640898466,844800
1,13300,100,0.004700026724603959,0.0010173511691391468,851200
1,13400,100,0.004680927884764969,0.0018730174051597714,857600
1,13500,100,0.00440046128584072,0.011029014363884926,864000
1,13600,100,0.004578639650717377,0.005957562476396561,870400
1,13700,100,0.004224299242487177,0.0011286498047411442,876800
1,13800,100,0.004547513735014945,0.0016668967436999083,883200
1,13900,100,0.004307971612433903,0.0040826378390192986,889600
1,14000,100,0.0041425443475600334,0.0030154981650412083,896000
1,14100,100,0.004468837474123574,0.003798397723585367,902400
1,14200,100,0.004260462723905221,0.003078852780163288,908800
1,14300,100,0.0043312841525767,0.0052715567871928215,915200
1,14400,100,0.004897251391084865,0.003507910529151559,921600
1,14500,100,0.004047846994362772,0.008884045295417309,928000
1,14600,100,0.0038771142909536137,0.0023425135295838118,934400
1,14700,100,0.004321702551678754,0.003157729981467128,940800
1,14800,100,0.004293995938496664,0.007042719051241875,947200
1,14900,100,0.004401840373175219,0.0009715159540064633,953600
1,15000,100,0.0047091715267742985,0.008087944239377975,960000
1,15100,100,0.00448492712515872,0.004228885285556316,966400
1,15200,100,0.003989143535727635,0.005744031630456448,972800
1,15300,100,0.004467176194302738,0.004759235307574272,979200
1,15400,100,0.004327916753245517,0.005213449709117413,985600
1,15500,100,0.0043124982283916325,0.0035734320990741253,992000
1,15600,100,0.003801297102472745,0.004256973043084145,998400
1,15700,100,0.0041481319209560755,0.005360881797969341,1004800
1,15800,100,0.004216038535232656,0.00721025001257658,1011200
1,15900,100,0.004326089135720395,0.0031797292176634073,1017600
1,16000,100,0.003997487605083734,0.003131552366539836,1024000
1,16100,100,0.004043862503604032,0.0028622010722756386,1030400
1,16200,100,0.003885305319854524,0.002294313395395875,1036800
1,16300,100,0.004312594215152785,0.004441908560693264,1043200
1,16400,100,0.0038307634898228572,0.0029900693334639072,1049600
1,16500,100,0.003846315399277955,0.0034224544651806355,1056000
1,16600,100,0.004174564923741855,0.00260628922842443,1062400
1,16700,100,0.003833905798965134,0.0025440934114158154,1068800
1,16800,100,0.00426372948626522,0.006302431225776672,1075200
1,16900,100,0.004165373063297011,0.0026578649412840605,1081600
1,17000,100,0.004077300598146394,0.0047175269573926926,1088000
1,17100,100,0.004120880479749758,0.0023304675705730915,1094400
1,17200,100,0.004447312864940613,0.006048150826245546,1100800
1,17300,100,0.003681945145362988,0.004575690254569054,1107200
1,17400,100,0.004079646014142782,0.0031831609085202217,1113600
1,17500,100,0.0040622591704595834,0.0013325755717232823,1120000
1,17600,100,0.004023910243413411,0.007189523428678513,1126400
1,17700,100,0.003876526210224256,0.0010250491322949529,1132800
1,17800,100,0.003865498668747023,0.003446109127253294,1139200
1,17900,100,0.003913453533314169,0.00394424656406045,1145600
1,18000,100,0.003717420337488875,0.004140997771173716,1152000
1,18100,100,0.0036639668006682767,0.00236176373437047,1158400
1,18200,100,0.0037012756429612636,0.0041232239454984665,1164800
1,18300,100,0.0038819541380507873,0.0035121485125273466,1171200
1,18400,100,0.003804262784833554,0.0046456921845674515,1177600
1,18500,100,0.0037017327157082038,0.0012066750787198544,1184000
1,18600,100,0.003919324620510451,0.00280970660969615,1190400
1,18700,100,0.003919508259277791,0.0025900634936988354,1196800
1,18800,100,0.003897320720134303,0.004532693885266781,1203200
1,18900,100,0.0036502418929012493,0.001520639518275857,1209600
1,19000,100,0.003294858321605716,0.007183909881860018,1216000
1,19100,100,0.003930400707758963,0.0008102888241410255,1222400
1,19200,100,0.0038044904440175742,0.004399946890771389,1228800
1,19300,100,0.003918202976929024,0.005769480485469103,1235200
1,19400,100,0.0037949955445947124,0.004644285887479782,1241600
1,19500,100,0.0038210239773616194,0.003008998464792967,1248000
1,19600,100,0.0037452109740115703,0.00357659999281168,1254400
1,19700,100,0.0036789738456718623,0.0010197318624705076,1260800
1,19800,100,0.003696897497284226,0.009574158117175102,1267200
1,19900,100,0.0035779566381825135,0.0013790215598419309,1273600
1,20000,100,0.003688135149423033,0.0037463470362126827,1280000
1,20100,100,0.003625498453620821,0.0017535608494654298,1286400
1,20200,100,0.003906544605852105,0.00422881543636322,1292800
1,20300,100,0.003647827812237665,0.005373567342758179,1299200
1,20400,100,0.0035842450262862256,0.003064377000555396,1305600
1,20500,100,0.003574127345927991,0.0012079579755663872,1312000
1,20600,100,0.0034725399169838055,0.0039731659926474094,1318400
1,20700,100,0.0036522373679326848,0.001805189996957779,1324800
1,20800,100,0.003917729841195978,0.0029117525555193424,1331200
1,20900,100,0.003472436615556944,0.002992271911352873,1337600
1,21000,100,0.003777805923600681,0.005186424124985933,1344000
1,21100,100,0.0035312134335981683,0.0033964733593165874,1350400
1,21200,100,0.003464316645695362,0.0022923401556909084,1356800
1,21300,100,0.003993406867375597,0.00490177609026432,1363200
1,21400,100,0.003775724731385708,0.006609252654016018,1369600
1,21500,100,0.0034424315550131723,0.0024172295816242695,1376000
1,21600,100,0.003525303149945103,0.0023988615721464157,1382400
1,21700,100,0.0035219083761330694,0.0024304904509335756,1388800
1,21800,100,0.003643044731579721,0.0020905756391584873,1395200
1,21900,100,0.003178681077552028,0.0009646578691899776,1401600
1,22000,100,0.0034896736609516667,0.0053941234946250916,1408000
1,22100,100,0.003463811112451367,0.002030999632552266,1414400
1,22200,100,0.0031463631766382606,0.00621030293405056,1420800
1,22300,100,0.0033510109904455023,0.0042667998932302,1427200
1,22400,100,0.003454208763432689,0.002248205943033099,1433600
1,22500,100,0.0034314300352707504,0.006475942209362984,1440000
1,22600,100,0.0034275097597856073,0.004626251757144928,1446400
1,22700,100,0.0035434196432470345,0.0036105941981077194,1452800
1,22800,100,0.0035338889027480037,0.0064910766668617725,1459200
1,22900,100,0.00367825117718894,0.005367486737668514,1465600
1,23000,100,0.0035014500049874186,0.006980433128774166,1472000
1,23100,100,0.0032498539582593365,0.002644859254360199,1478400
1,23200,100,0.003231680059689097,0.0020941123366355896,1484800
1,23300,100,0.0030101600993657483,0.0013645304134115577,1491200
1,23400,100,0.003125062278704718,0.001504982472397387,1497600
1,23500,100,0.00289455302990973,0.003954295068979263,1504000
1,23600,100,0.003171393794473261,0.0010174300987273455,1510400
1,23700,100,0.003202236264478415,0.0010392478434368968,1516800
1,23800,100,0.00354720750299748,0.0030956356786191463,1523200
1,23900,100,0.0031842249864712357,0.0033753830939531326,1529600
1,24000,100,0.002992145765456371,0.0028028441593050957,1536000
1,24100,100,0.0033155670925043524,0.007734072394669056,1542400
1,24200,100,0.0033512662298744544,0.0034632256720215082,1548800
1,24300,100,0.0030391483518178576,0.0024606643710285425,1555200
1,24400,100,0.0030594761966494842,0.003364142496138811,1561600
1,24500,100,0.002918579569668509,0.007161346729844809,1568000
1,24600,100,0.003309327866882086,0.003715365193784237,1574400
1,24700,100,0.0032426098204450682,0.0031973004806786776,1580800
1,24800,100,0.0030924606282496823,0.003998851403594017,1587200
1,24900,100,0.0032255513305426576,0.0008776866598054767,1593600
1,25000,100,0.0031403141556074843,0.0036428922321647406,1600000
1,25100,100,0.003311601572204381,0.005118248984217644,1606400
1,25200,100,0.003115647671802435,0.0006589191616512835,1612800
1,25300,100,0.0033890143496682866,0.005134923383593559,1619200
1,25400,100,0.0030280159204266965,0.002981108846142888,1625600
1,25500,100,0.0033343880577012897,0.004681146237999201,1632000
1,25600,100,0.003176878568774555,0.004575060214847326,1638400
1,25700,100,0.0029053209436824545,0.004447786137461662,1644800
1,25800,100,0.0029773222451331093,0.002991526387631893,1651200
1,25900,100,0.0031716789543861524,0.0030501303263008595,1657600
1,26000,100,0.0031618924729991706,0.003612163010984659,1664000
1,26100,100,0.002859922553470824,0.003731677308678627,1670400
1,26200,100,0.003117309352965094,0.0006422498263418674,1676800
1,26300,100,0.003333881326834671,0.0032598720863461494,1683200
1,26400,100,0.003032962784054689,0.0021533463150262833,1689600
1,26500,100,0.003047073737252504,0.003224733052775264,1696000
1,26600,100,0.0030275773914763705,0.003666650503873825,1702400
1,26700,100,0.002946931482874788,0.0047452012076973915,1708800
1,26800,100,0.003341002146480605,0.0023736003786325455,1715200
1,26900,100,0.0029055382614023985,0.0035345423966646194,1721600
1,27000,100,0.003120122627587989,0.0040395366959273815,1728000
1,27100,100,0.0031059893540805205,0.004920809995383024,1734400
1,27200,100,0.003285990338772535,0.005398775450885296,1740800
1,27300,100,0.003028557339712279,0.0005962073337286711,1747200
1,27400,100,0.002789348224760033,0.001265684375539422,1753600
1,27500,100,0.0026974716648692264,0.0022161074448376894,1760000
1,27600,100,0.0028982447780435904,0.002854930469766259,1766400
1,27700,100,0.003292345433146693,0.004424235783517361,1772800
1,27800,100,0.003193091320572421,0.0021656411699950695,1779200
1,27900,100,0.0029187076148809864,0.0016850833781063557,1785600
1,28000,100,0.00316111285763327,0.0035395920276641846,1792000
1,28100,100,0.0029965580673888327,0.0010668975301086903,1798400
1,28200,100,0.003027925946516916,0.004632019437849522,1804800
1,28300,100,0.0031805298951803705,0.002263428643345833,1811200
1,28400,100,0.0028614864608971402,0.0034161736257374287,1817600
1,28500,100,0.003209703341126442,0.00048551667714491487,1824000
1,28600,100,0.0030881261875038033,0.0018995646387338638,1830400
1,28700,100,0.0028412739268969746,0.0033894735388457775,1836800
1,28800,100,0.003032565191097092,0.005607630126178265,1843200
1,28900,100,0.002836730005510617,0.0029345012735575438,1849600
1,29000,100,0.0029925196987460366,0.0045211780816316605,1856000
1,29100,100,0.0027317903726361693,0.002587009221315384,1862400
1,29200,100,0.0032412144530098884,0.006522046402096748,1868800
1,29300,100,0.002807951118447818,0.001084440271370113,1875200
1,29400,100,0.0026805266831070183,0.003239060752093792,1881600
1,29500,100,0.0028936588746728375,0.002249043434858322,1888000
1,29600,100,0.003036913543473929,0.0036540150176733732,1894400
1,29700,100,0.002945690485648811,0.0020548496395349503,1900800
1,29800,100,0.002895610634004697,0.0024777292273938656,1907200
1,29900,100,0.002922479375556577,0.000650667236186564,1913600
1,30000,100,0.0029565034882398323,0.006462381221354008,1920000
2,100,100,0.07950602889060975,0.04170317202806473,6400
2,200,100,0.02836831336840987,0.02700171247124672,12800
2,300,100,0.026269701952114703,0.0321451798081398,19200
2,400,100,0.026598391002044083,0.0174394603818655,25600
2,500,100,0.02579217960126698,0.014957720413804054,32000
2,600,100,0.026582961492240428,0.026621486991643906,38400
2,700,100,0.025871483143419027,0.0196019746363163,44800
2,800,100,0.0259670989215374,0.028700686991214752,51200
2,900,100,0.025185988880693913,0.03158295899629593,57600
2,1000,100,0.02300569291226566,0.01521376147866249,64000
2,1100,100,0.01840548918582499,0.014392999932169914,70400
2,1200,100,0.01390746733173728,0.021700777113437653,76800
2,1300,100,0.012092100335285067,0.011896083131432533,83200
2,1400,100,0.01267888435628265,0.016466127708554268,89600
2,1500,100,0.011662322673946618,0.008937785401940346,96000
2,1600,100,0.011166328901890666,0.006202143616974354,102400
2,1700,100,0.010890183036681265,0.013129744678735733,108800
2,1800,100,0.010852567497640847,0.012190442532300949,115200
2,1900,100,0.010336631429381668,0.006981982383877039,121600
2,2000,100,0.010501208317000419,0.017855241894721985,128000
2,2100,100,0.010068015013821423,0.004636975005269051,134400
2,2200,100,0.009882182627916337,0.011250547133386135,140800
2,2300,100,0.009253745670430363,0.010019908659160137,147200
2,2400,100,0.009919059909880162,0.00811570230871439,153600
2,2500,100,0.009036867446266115,0.00615212507545948,160000
2,2600,100,0.009150131028145552,0.010972965508699417,166400
2,2700,100,0.00949959857389331,0.005851907189935446,172800
2,2800,100,0.00831466686213389,0.005027038045227528,179200
2,2900,100,0.008494332737755031,0.008011264726519585,185600
2,3000,100,0.008319502100348472,0.00949413888156414,192000
2,3100,100,0.008616276648826898,0.003691981313750148,198400
2,3200,100,0.007840646437834949,0.010564473457634449,204800
2,3300,100,0.007958742862101645,0.01412271335721016,211200
2,3400,100,0.00803840827429667,0.0048452201299369335,217600
2,3500,100,0.007640895878430456,0.005782803520560265,224000
2,3600,100,0.007614867524243891,0.006315459962934256,230400
2,3700,100,0.007795293503440917,0.008560936897993088,236800
2,3800,100,0.007707344982773066,0.01073647104203701,243200
2,3900,100,0.0075917149800807235,0.010888738557696342,249600
2,4000,100,0.007626819219440222,0.005465298891067505,256000
2,4100,100,0.006895378532353788,0.0036637000739574432,262400
2,4200,100,0.007575859581120312,0.008619451895356178,268800
2,4300,100,0.006990368107799441,0.0029009890276938677,275200
2,4400,100,0.0068196010077372195,0.004966800566762686,281600
2,4500,100,0.007133839593734592,0.005669784732162952,288000
2,4600,100,0.0071072708675637844,0.002447571838274598,294400
2,4700,100,0.00707024528644979,0.005207829177379608,300800
2,4800,100,0.0069238703371956945,0.012937637977302074,307200
2,4900,100,0.006496418668539263,0.005944420117884874,313600
2,5000,100,0.006627931189723313,0.004244970623403788,320000
2,5100,100,0.006569907609373331,0.00813068076968193,326400
2,5200,100,0.006605298233916983,0.008395633660256863,332800
2,5300,100,0.006537328734993935,0.005933077540248632,339200
2,5400,100,0.00663226334610954,0.004670973401516676,345600
2,5500,100,0.0066569067607633765,0.01149012427777052,352000
2,5600,100,0.006332411341136321,0.006181833799928427,358400
2,5700,100,0.006919319864246063,0.00642196461558342,364800
2,5800,100,0.0065037765144370496,0.003799533937126398,371200
2,5900,100,0.006350305688101798,0.009801995009183884,377600
2,6000,100,0.006044428705936297,0.00367313832975924,384000
2,6100,100,0.0063078021886758505,0.006698234006762505,390400
2,6200,100,0.006048411300871521,0.006367304362356663,396800
2,6300,100,0.006019844918046147,0.010188900865614414,403200
2,6400,100,0.005788255061488599,0.00566949974745512,409600
2,6500,100,0.005997895884793252,0.00433889776468277,416000
2,6600,100,0.006672552798409015,0.003758107777684927,422400
2,6700,100,0.0059285547758918256,0.00581631064414978,428800
2,6800,100,0.006153271609218791,0.005035764537751675,435200
2,6900,100,0.00637622297857888,0.004455470480024815,441600
2,7000,100,0.005595768268103711,0.005006966181099415,448000
2,7100,100,0.006349979272345081,0.01283580157905817,454400
2,7200,100,0.00592308507533744,0.005243469495326281,460800
2,7300,100,0.0060046680178493265,0.006741923745721579,467200
2,7400,100,0.005485019541811198,0.005222379229962826,473600
2,7500,100,0.006002275721402839,0.009733794257044792,480000
2,7600,100,0.005662859864532948,0.003603109158575535,486400
2,7700,100,0.005439764965558425,0.0065687913447618484,492800
2,7800,100,0.005982659329893067,0.003675103187561035,499200
2,7900,100,0.005831762197194621,0.005586392246186733,505600
2,8000,100,0.0054525984672363845,0.007460115477442741,512000
2,8100,100,0.005781746824504807,0.004664722364395857,518400
2,8200,100,0.005851576193235814,0.0028953959699720144,524800
2,8300,100,0.005877729560015723,0.00600636750459671,531200
2,8400,100,0.0049191595055162905,0.004928323905915022,537600
2,8500,100,0.005608110524481163,0.0015162668423727155,544000
2,8600,100,0.005588928407523781,0.0039137606509029865,550400
2,8700,100,0.005451883882051334,0.009201005101203918,556800
2,8800,100,0.005274780637118965,0.004745693877339363,563200
2,8900,100,0.005373789892764762,0.004303158260881901,569600
2,9000,100,0.005145734455436468,0.004709039349108934,576000
2,9100,100,0.005317055322229862,0.0038178919348865747,582400
2,9200,100,0.005202291128225625,0.0021651373244822025,588800
2,9300,100,0.005095737025840208,0.006507696118205786,595200
2,9400,100,0.004895049625774845,0.003921499941498041,601600
2,9500,100,0.004967051416169852,0.0049828519113361835,608000
2,9600,100,0.004908188112895004,0.006103480234742165,614400
2,9700,100,0.005241006594733335,0.010989325121045113,620800
2,9800,100,0.005016291923820973,0.006508272141218185,627200
2,9900,100,0.004800567200290971,0.006804035045206547,633600
2,10000,100,0.004851068033603951,0.006353477947413921,640000
2,10100,100,0.005285382377915085,0.006619442719966173,646400
2,10200,100,0.0048965492786373944,0.007048716768622398,652800
2,10300,100,0.005480710986303166,0.00137591443490237,659200
2,10400,100,0.005152246402576566,0.005852867849171162,665600
2,10500,100,0.005183138345309999,0.008178295567631721,672000
2,10600,100,0.0049881666398141535,0.003685668809339404,678400
2,10700,100,0.004978881792048924,0.004823256283998489,684800
2,10800,100,0.005285998801700771,0.0031129280105233192,691200
2,10900,100,0.004971014801412821,0.0045853266492486,697600
2,11000,100,0.00491189526161179,0.00718276621773839,704000
2,11100,100,0.0050509380880976095,0.0034565036185085773,710400
2,11200,100,0.004493807755643502,0.0031300378032028675,716800
2,11300,100,0.004657029772643,0.004036623053252697,723200
2,11400,100,0.004734273216454313,0.009169585071504116,729600
2,11500,100,0.004368707758258097,0.002379853744059801,736000
2,11600,100,0.0045412803965155036,0.00378625001758337,742400
2,11700,100,0.0045276714337524025,0.003258289536461234,748800
2,11800,100,0.004914469282375648,0.004910175688564777,755200
2,11900,100,0.004359911264618859,0.0037392633967101574,761600
2,12000,100,0.004800208740052767,0.002325375098735094,768000
2,12100,100,0.0049545324896462265,0.007836727425456047,774400
2,12200,100,0.004311801143630873,0.00826104637235403,780800
2,12300,100,0.004838573662564159,0.008143309503793716,787200
2,12400,100,0.004301612355047837,0.004907415248453617,793600
2,12500,100,0.004573762214276939,0.004711742978543043,800000
2,12600,100,0.004049786790274084,0.003363420255482197,806400
2,12700,100,0.004742213048739358,0.005164226517081261,812800
2,12800,100,0.004515050445916131,0.006029294803738594,819200
2,12900,100,0.004499170563649386,0.0033728533890098333,825600
2,13000,100,0.004268582725781016,0.003750121220946312,832000
2,13100,100,0.00431000254699029,0.004725723527371883,838400
2,13200,100,0.004928867855342105,0.004183074925094843,844800
2,13300,100,0.004297958878451027,0.007687035948038101,851200
2,13400,100,0.004341639483463951,0.003250465728342533,857600
2,13500,100,0.0042732984380563725,0.004514695610851049,864000
2,13600,100,0.004788664703955874,0.008117697201669216,870400
2,13700,100,0.004349081291584298,0.0025798091664910316,876800
2,13800,100,0.004348668800666929,0.0050350637175142765,883200
2,13900,100,0.00426510158169549,0.002180033130571246,889600
2,14000,100,0.004355896116467192,0.0009828479960560799,896000
2,14100,100,0.003702767593495082,0.001687890850007534,902400
2,14200,100,0.003914820033824071,0.003444019239395857,908800
2,14300,100,0.004659418069641106,0.007428667042404413,915200
2,14400,100,0.00425045742362272,0.006055727601051331,921600
2,14500,100,0.004208742222399451,0.0012566029326990247,928000
2,14600,100,0.004555610604002141,0.010192965157330036,934400
2,14700,100,0.004385810958920047,0.0036201863549649715,940800
2,14800,100,0.004371983991004527,0.00974115077406168,947200
2,14900,100,0.004812253523268737,0.002763555385172367,953600
2,15000,100,0.004086526315659284,0.005465418100357056,960000
2,15100,100,0.004395848016720265,0.004925290588289499,966400
2,15200,100,0.003975858811754733,0.007980722934007645,972800
2,15300,100,0.0036612077537574806,0.006556184031069279,979200
2,15400,100,0.0038325780641753227,0.0020222091116011143,985600
2,15500,100,0.0044198315317044035,0.006953848525881767,992000
2,15600,100,0.004234784790896811,0.0035591726191341877,998400
2,15700,100,0.0037981929100351407,0.004748011939227581,1004800
2,15800,100,0.003926467014243826,0.00817343033850193,1011200
2,15900,100,0.003725387564045377,0.00375258456915617,1017600
2,16000,100,0.0038955972890835256,0.005731569137424231,1024000
2,16100,100,0.003907495379680767,0.0031624743714928627,1030400
2,16200,100,0.003989494468551129,0.004241897724568844,1036800
2,16300,100,0.004278738685534336,0.0024340786039829254,1043200
2,16400,100,0.003713389490148984,0.0038927169516682625,1049600
2,16500,100,0.004081193259917199,0.00236502755433321,1056000
2,16600,100,0.004242423864779994,0.0031459706369787455,1062400
2,16700,100,0.0038175824476638807,0.005454222671687603,1068800
2,16800,100,0.004139731856994331,0.0029095476493239403,1075200
2,16900,100,0.004308367101475597,0.003048436949029565,1081600
2,17000,100,0.00396808925550431,0.002806108444929123,1088000
2,17100,100,0.004095232076360844,0.006617361679673195,1094400
2,17200,100,0.003876216484932229,0.0012786970473825932,1100800
2,17300,100,0.0037580066430382432,0.0032690060324966908,1107200
2,17400,100,0.0042659057007404045,0.0022184427361935377,1113600
2,17500,100,0.003958876231336035,0.004205801524221897,1120000
2,17600,100,0.0034789681545225903,0.0031205243431031704,1126400
2,17700,100,0.0036212342750513928,0.0037120170891284943,1132800
2,17800,100,0.0037421448662644254,0.003507961519062519,1139200
2,17900,100,0.003929476466146298,0.009365842677652836,1145600
2,18000,100,0.0039732494403142485,0.003256233176216483,1152000
2,18100,100,0.003932906409609131,0.0028243607375770807,1158400
2,18200,100,0.00401128784957109,0.0014326113741844893,1164800
2,18300,100,0.0038415433769114315,0.0021495826076716185,1171200
2,18400,100,0.004221449386677705,0.0013828144874423742,1177600
2,18500,100,0.003753789236943703,0.0016946668038144708,1184000
2,18600,100,0.0038893063878640533,0.0019224615534767509,1190400
2,18700,100,0.0036663692718138918,0.0015127670485526323,1196800
2,18800,100,0.004159893165924586,0.0022025674115866423,1203200
2,18900,100,0.0038574944640276955,0.003881432581692934,1209600
2,19000,100,0.0036279087155708114,0.0015644535887986422,1216000
2,19100,100,0.0038171806233003734,0.00469835614785552,1222400
2,19200,100,0.0037612897195504046,0.00417024502530694,1228800
2,19300,100,0.0039064103650161995,0.004235825967043638,1235200
2,19400,100,0.00385930742835626,0.0038125389255583286,1241600
2,19500,100,0.0037841224487056026,0.003417006228119135,1248000
2,19600,100,0.00356877069483744,0.003138595726341009,1254400
2,19700,100,0.003765001192805357,0.0019543245434761047,1260800
2,19800,100,0.0034211176534881815,0.0006642098305746913,1267200
2,19900,100,0.0036565982864703982,0.0023459303192794323,1273600
2,20000,100,0.0036071727468515746,0.0034417989663779736,1280000
2,20100,100,0.003650495196925476,0.002731519751250744,1286400
2,20200,100,0.003615284604311455,0.004370397888123989,1292800
2,20300,100,0.00378462141379714,0.0032327596563845873,1299200
2,20400,100,0.003841659013996832,0.003945122938603163,1305600
2,20500,100,0.0035011242772452532,0.0021951082162559032,1312000
2,20600,100,0.003814001429709606,0.0029073224868625402,1318400
2,20700,100,0.0037990004903986118,0.0013799716252833605,1324800
2,20800,100,0.00359441087115556,0.0014685826608911157,1331200
2,20900,100,0.0036195310403127224,0.004032570403069258,1337600
2,21000,100,0.0036864865146344528,0.002699843840673566,1344000
2,21100,100,0.00325343047385104,0.005323536228388548,1350400
2,21200,100,0.0034099539640010334,0.001555115100927651,1356800
2,21300,100,0.0034663151227869093,0.0016125007532536983,1363200
2,21400,100,0.003384045148268342,0.0016881204210221767,1369600
2,21500,100,0.003771385202126112,0.005864316131919622,1376000
2,21600,100,0.0038606464839540423,0.0064064012840390205,1382400
2,21700,100,0.0034820167493307963,0.004996627569198608,1388800
2,21800,100,0.0037619033746887,0.0017076949588954449,1395200
2,21900,100,0.003551162343937904,0.003588564693927765,1401600
2,22000,100,0.0036276269165682606,0.006634672172367573,1408000
2,22100,100,0.0035561132512521,0.004449388477951288,1414400
2,22200,100,0.003661027700291015,0.002636152319610119,1420800
2,22300,100,0.0038438528368715196,0.002404963131994009,1427200
2,22400,100,0.003624211470014416,0.002478568349033594,1433600
2,22500,100,0.0035055609547998755,0.002781684510409832,1440000
2,22600,100,0.003607574495836161,0.0030001141130924225,1446400
2,22700,100,0.003609999218315352,0.0030044610612094402,1452800
2,22800,100,0.0034098916628863664,0.002751789055764675,1459200
2,22900,100,0.0038630341936368496,0.0036775898188352585,1465600
2,23000,100,0.003804375408217311,0.004080142360180616,1472000
2,23100,100,0.003935679640853777,0.003842020872980356,1478400
2,23200,100,0.0038537183601874856,0.006764199584722519,1484800
2,23300,100,0.003360238375607878,0.0028467755764722824,1491200
2,23400,100,0.0035896928742295132,0.004151021130383015,1497600
2,23500,100,0.0032169227628037335,0.004539975430816412,1504000
2,23600,100,0.0035213124816073104,0.005949725862592459,1510400
2,23700,100,0.0031233105532010087,0.002503186697140336,1516800
2,23800,100,0.0033575374138308687,0.0026598782278597355,1523200
2,23900,100,0.0036341667152009903,0.0019905853550881147,1529600
2,24000,100,0.003545367377519142,0.0015889516798779368,1536000
2,24100,100,0.0033715693023987116,0.0008773967856541276,1542400
2,24200,100,0.003663569811033085,0.003120281733572483,1548800
2,24300,100,0.002979020829370711,0.0028178473003208637,1555200
2,24400,100,0.003391805958817713,0.0020921402610838413,1561600
2,24500,100,0.0033446146582718937,0.007102664560079575,1568000
2,24600,100,0.003456964122597128,0.0075498358346521854,1574400
2,24700,100,0.003669874921324663,0.0055535342544317245,1580800
2,24800,100,0.003319675299571827,0.008686956018209457,1587200
2,24900,100,0.00350412332220003,0.003635749686509371,1593600
2,25000,100,0.003501701249042526,0.0049864789471030235,1600000
2,25100,100,0.0034005087113473565,0.004139887169003487,1606400
2,25200,100,0.0033100717683555558,0.002379203215241432,1612800
2,25300,100,0.00380577749281656,0.0031453720293939114,1619200
2,25400,100,0.0031722091312985866,0.0028893006965517998,1625600
2,25500,100,0.003167363581014797,0.0026303285267204046,1632000
2,25600,100,0.0033742574794450777,0.003820654936134815,1638400
2,25700,100,0.0033280506660230457,0.004563475027680397,1644800
2,25800,100,0.003318414974492043,0.0018157922895625234,1651200
2,25900,100,0.003113783592125401,0.0032185656018555164,1657600
2,26000,100,0.003298279125592671,0.0038410527631640434,1664000
2,26100,100,0.0031031105367583223,0.0011192987440153956,1670400
2,26200,100,0.003311256487504579,0.0015223543159663677,1676800
2,26300,100,0.003067121913190931,0.0028249425813555717,1683200
2,26400,100,0.0033171398850390687,0.0030143042095005512,1689600
2,26500,100,0.003191522973938845,0.0011115738889202476,1696000
2,26600,100,0.0031349730797228404,0.0038423577789217234,1702400
2,26700,100,0.003041992664220743,0.0020316694863140583,1708800
2,26800,100,0.003341238570283167,0.0030664552468806505,1715200
2,26900,100,0.0031281566713005303,0.0009080885211005807,1721600
2,27000,100,0.0031943478365428746,0.0009517311118543148,1728000
2,27100,100,0.0032671355415368453,0.004094467964023352,1734400
2,27200,100,0.0030834990221774205,0.004707035608589649,1740800
2,27300,100,0.003380431099794805,0.0019938491750508547,1747200
2,27400,100,0.003630210551782511,0.003802180988714099,1753600
2,27500,100,0.0035341016761958597,0.002961687743663788,1760000
2,27600,100,0.003180438150302507,0.005781169980764389,1766400
2,27700,100,0.00329046941944398,0.003248359076678753,1772800
2,27800,100,0.0030451016867300497,0.00174826814327389,1779200
2,27900,100,0.003205824233154999,0.0013912556460127234,1785600
2,28000,100,0.0030821772554190828,0.0017536173108965158,1792000
2,28100,100,0.003553849020972848,0.0021234548185020685,1798400
2,28200,100,0.0033117842284264044,0.003757127095013857,1804800
2,28300,100,0.0029965244795312172,0.0013955490430817008,1811200
2,28400,100,0.0031469803617801516,0.0015793880447745323,1817600
2,28500,100,0.0030192234844435006,0.004609304014593363,1824000
2,28600,100,0.0032189812234719286,0.0028187488205730915,1830400
2,28700,100,0.0031883914984064178,0.0022675259970128536,1836800
2,28800,100,0.003034419883042574,0.00264700036495924,1843200
2,28900,100,0.0030092039227019997,0.0033468957990407944,1849600
2,29000,100,0.003099635051912628,0.004278790205717087,1856000
2,29100,100,0.003025536856148392,0.002489753533154726,1862400
2,29200,100,0.003159580626816023,0.0024173494894057512,1868800
2,29300,100,0.0029056043789023535,0.002556313294917345,1875200
2,29400,100,0.0029859669171855784,0.0013602799735963345,1881600
2,29500,100,0.0032606459219823593,0.003419042332097888,1888000
2,29600,100,0.003110255831270479,0.001911714905872941,1894400
2,29700,100,0.0031559529379592277,0.00608445331454277,1900800
2,29800,100,0.003012301289709285,0.0016773318639025092,1907200
2,29900,100,0.002958470495650545,0.0005941980634815991,1913600
2,30000,100,0.0030413345113629474,0.0020153995137661695,1920000
